channel,position,status,title,url,viewer_count,viewer_count_text,waiting_count,waiting_count_text,scheduled_at_text,badge_text,recency_signal,collected_at_iso,source_page,thumbnail_url
CNBC-TV18,1,live,🔴Argentina Vs Benin LIVE: Messi Plays His Final Game For Arg | Messi Vs Last Game | LM10 | N18G,https://www.youtube.com/watch?v=PH9g7iBFUn0,,,,,,THUMBNAIL_OVERLAY_BADGE_STYLE_LIVE,THUMBNAIL_OVERLAY_BADGE_STYLE_LIVE,2026-10-06T22:17:10+00:00,https://www.youtube.com/@CNBC-TV18/streams,https://i.ytimg.com/vi/PH9g7iBFUn0/hq720.jpg?v=6ac535ec&sqp=-oaymwEcCNAFEJQDSFXyq4qpAw4IARUAAIhCGAFwAcABBg==&rs=AOn4CLAN7sq9NjUHhOao7hWxHky8ZzWLaw
CNBC-TV18,3,live,WATCH LIVE: Trump Delivers Remarks At Sparrows Point Shipyard | US Midterms Elections | N18G,https://www.youtube.com/watch?v=qHNf2Vsjgek,,,,,,THUMBNAIL_OVERLAY_BADGE_STYLE_LIVE,THUMBNAIL_OVERLAY_BADGE_STYLE_LIVE,2026-10-06T22:17:10+00:00,https://www.youtube.com/@CNBC-TV18/streams,https://i.ytimg.com/vi/qHNf2Vsjgek/hq720.jpg?v=6ac542c9&sqp=-oaymwEcCNAFEJQDSFXyq4qpAw4IARUAAIhCGAFwAcABBg==&rs=AOn4CLDiBQ53QPaUM6qbwkvnxR2F2mq_KA
CNBC-TV18,5,live,WATCH LIVE: Messi Plays His Last Game For Argentina | Messi Last Match | Benin | Arg | LM10 | N18G,https://www.youtube.com/watch?v=Y9RznMWyPqY,,,,,,THUMBNAIL_OVERLAY_BADGE_STYLE_LIVE,THUMBNAIL_OVERLAY_BADGE_STYLE_LIVE,2026-10-06T22:17:10+00:00,https://www.youtube.com/@CNBC-TV18/streams,https://i.ytimg.com/vi/Y9RznMWyPqY/hq720.jpg?v=6ac501f4&sqp=-oaymwEcCNAFEJQDSFXyq4qpAw4IARUAAIhCGAFwAcABBg==&rs=AOn4CLDgEU6TK3PF9MMs1x5H3dme18gjdA
CNBC-TV18,7,live,🔴Messi Last Match LIVE: Argentina Vs Benin | Lionel Messi Farewell Match | N18G,https://www.youtube.com/watch?v=PX3XVGAyqD0,,,,,,THUMBNAIL_OVERLAY_BADGE_STYLE_LIVE,THUMBNAIL_OVERLAY_BADGE_STYLE_LIVE,2026-10-06T22:17:10+00:00,https://www.youtube.com/@CNBC-TV18/streams,https://i.ytimg.com/vi/PX3XVGAyqD0/hq720.jpg?v=6ac4daf6&sqp=-oaymwEcCNAFEJQDSFXyq4qpAw4IARUAAIhCGAFwAcABBg==&rs=AOn4CLB4XU0FzdIHPdtXvos4mRCYh4nLsg
CNBC-TV18,9,live,Sara Duterte Impeachment Trial LIVE Day 34: AMLC Witness Faces Cross-Examination Over P4.4B | N18G,https://www.youtube.com/watch?v=V7yh0G3lWCo,,,,,,THUMBNAIL_OVERLAY_BADGE_STYLE_LIVE,THUMBNAIL_OVERLAY_BADGE_STYLE_LIVE,2026-10-06T22:17:10+00:00,https://www.youtube.com/@CNBC-TV18/streams,https://i.ytimg.com/vi/V7yh0G3lWCo/hq720.jpg?v=6ac45575&sqp=-oaymwEcCNAFEJQDSFXyq4qpAw4IARUAAIhCGAFwAcABBg==&rs=AOn4CLDkf9c5in3ZjqMETUfgvG4c4DL33w
CNBC-TV18,11,live,Sara Duterte Impeachment Trial Day 34 LIVE: Defense Resumes Cross-Examination Of AMLC Witness | N18G,https://www.youtube.com/watch?v=5jaZC3UPW6k,,,,,,THUMBNAIL_OVERLAY_BADGE_STYLE_LIVE,THUMBNAIL_OVERLAY_BADGE_STYLE_LIVE,2026-10-06T22:17:10+00:00,https://www.youtube.com/@CNBC-TV18/streams,https://i.ytimg.com/vi/5jaZC3UPW6k/hq720.jpg?v=6ac455d0&sqp=-oaymwEcCNAFEJQDSFXyq4qpAw4IARUAAIhCGAFwAcABBg==&rs=AOn4CLB1GQjEgCn5pg4HA9OkEOcJ10VzlQ
CNBC-TV18,13,live,Vatican LIVE: Pope Leo Presides Over Holy Mass at St. Peter's Basilica | Pope on World Peace | N18G,https://www.youtube.com/watch?v=A2JBODj1vio,,,,,,THUMBNAIL_OVERLAY_BADGE_STYLE_LIVE,THUMBNAIL_OVERLAY_BADGE_STYLE_LIVE,2026-10-06T22:17:10+00:00,https://www.youtube.com/@CNBC-TV18/streams,https://i.ytimg.com/vi/A2JBODj1vio/hq720.jpg?v=69c9d671&sqp=-oaymwEcCNAFEJQDSFXyq4qpAw4IARUAAIhCGAFwAcABBg==&rs=AOn4CLCkXQkVstIbnk_Ihiho0m06pHwbVA
CNBC-TV18,15,live,CNBC TV18 24x7 LIVE: Stock Market LIVE Updates | Nifty & Sensex Live | Share Market | Business News,https://www.youtube.com/watch?v=1_Ih0JYmkjI,,,,,,THUMBNAIL_OVERLAY_BADGE_STYLE_LIVE,THUMBNAIL_OVERLAY_BADGE_STYLE_LIVE,2026-10-06T22:17:10+00:00,https://www.youtube.com/@CNBC-TV18/streams,https://i.ytimg.com/vi/1_Ih0JYmkjI/hq720.jpg?v=69c9de2e&sqp=-oaymwEcCNAFEJQDSFXyq4qpAw4IARUAAIhCGAFwAcABBg==&rs=AOn4CLCoq2E2FqirFzieXbH8_6tA0igN4w
Moneycontrol,1,live,🔴Lionel Messi Farewell Match LIVE: Argentina vs Benin | Messi’s Last Match for Argentina,https://www.youtube.com/watch?v=7YuDd2zEIQg,,,,,,THUMBNAIL_OVERLAY_BADGE_STYLE_LIVE,THUMBNAIL_OVERLAY_BADGE_STYLE_LIVE,2026-10-06T22:17:10+00:00,https://www.youtube.com/@moneycontrol/streams,https://i.ytimg.com/vi/7YuDd2zEIQg/hq720.jpg?v=6ac5443b&sqp=-oaymwEcCNAFEJQDSFXyq4qpAw4IARUAAIhCGAFwAcABBg==&rs=AOn4CLA4BWZqxcUt6OMaKsDjWYRRL8gFTg
Moneycontrol,3,live,🔴Argentina vs Benin Football LIVE | Friendly Lionel Messi Farewell Match | Messi Last Match LIVE,https://www.youtube.com/watch?v=FhAc6XwPwVE,,,,,,THUMBNAIL_OVERLAY_BADGE_STYLE_LIVE,THUMBNAIL_OVERLAY_BADGE_STYLE_LIVE,2026-10-06T22:17:10+00:00,https://www.youtube.com/@moneycontrol/streams,https://i.ytimg.com/vi/FhAc6XwPwVE/hq720.jpg?v=6ac5385b&sqp=-oaymwEcCNAFEJQDSFXyq4qpAw4IARUAAIhCGAFwAcABBg==&rs=AOn4CLB9vZNs-67jvqdloU_6t-YukuEmiw
Moneycontrol,5,live,🔴Argentina vs Benin Football LIVE: International Friendly Football | Messi & Argentina LIVE,https://www.youtube.com/watch?v=a5UhypztR_s,,,,,,THUMBNAIL_OVERLAY_BADGE_STYLE_LIVE,THUMBNAIL_OVERLAY_BADGE_STYLE_LIVE,2026-10-06T22:17:10+00:00,https://www.youtube.com/@moneycontrol/streams,https://i.ytimg.com/vi/a5UhypztR_s/hq720.jpg?v=6ac5144d&sqp=-oaymwEcCNAFEJQDSFXyq4qpAw4IARUAAIhCGAFwAcABBg==&rs=AOn4CLDL_Vmwi68aawCnehqMIg-M8TwTaA
Moneycontrol,7,live,RIOTS IN SPAIN: Chaos in Barcelona as Sánchez Calls Snap Election | Breaking News Live | N18G,https://www.youtube.com/watch?v=eGB4jKSwyJk,,,,,,THUMBNAIL_OVERLAY_BADGE_STYLE_LIVE,THUMBNAIL_OVERLAY_BADGE_STYLE_LIVE,2026-10-06T22:17:10+00:00,https://www.youtube.com/@moneycontrol/streams,https://i.ytimg.com/vi/eGB4jKSwyJk/hq720.jpg?v=6ac4f908&sqp=-oaymwEcCNAFEJQDSFXyq4qpAw4IARUAAIhCGAFwAcABBg==&rs=AOn4CLAV_mB4ktqUyGNUQtYkCPgHZDUgqA
Moneycontrol,9,live,PARIS BURNS LIVE: France In Flames As Student Revolt Clashes With Riot Police | French News | N18G,https://www.youtube.com/watch?v=BEPB0j_4nSw,,,,,,THUMBNAIL_OVERLAY_BADGE_STYLE_LIVE,THUMBNAIL_OVERLAY_BADGE_STYLE_LIVE,2026-10-06T22:17:10+00:00,https://www.youtube.com/@moneycontrol/streams,https://i.ytimg.com/vi/BEPB0j_4nSw/hq720.jpg?v=6ac4e1e1&sqp=-oaymwEcCNAFEJQDSFXyq4qpAw4IARUAAIhCGAFwAcABBg==&rs=AOn4CLBXkIJ9zwtBo5dpk1kTV0vYWAMrXg
Moneycontrol,11,live,FRANCE STUDENT GEN-Z PROTEST LIVE: French Police Clash With Student Protesters In Paris | N18G,https://www.youtube.com/watch?v=fXkWoNyAIiA,,,,,,THUMBNAIL_OVERLAY_BADGE_STYLE_LIVE,THUMBNAIL_OVERLAY_BADGE_STYLE_LIVE,2026-10-06T22:17:10+00:00,https://www.youtube.com/@moneycontrol/streams,https://i.ytimg.com/vi/fXkWoNyAIiA/hq720.jpg?v=6ac4dbfd&sqp=-oaymwEcCNAFEJQDSFXyq4qpAw4IARUAAIhCGAFwAcABBg==&rs=AOn4CLA0ucu6V90isSjurh4knijnKmK1DA
Moneycontrol,13,live,🔴Sara Duterte Impeachment Trial LIVE: AMLC Witness Faces Cross-Examination on Day 34 | Philippines,https://www.youtube.com/watch?v=GoYBUJicw6g,,,,,,THUMBNAIL_OVERLAY_BADGE_STYLE_LIVE,THUMBNAIL_OVERLAY_BADGE_STYLE_LIVE,2026-10-06T22:17:10+00:00,https://www.youtube.com/@moneycontrol/streams,https://i.ytimg.com/vi/GoYBUJicw6g/hq720.jpg?v=6ac450e5&sqp=-oaymwEcCNAFEJQDSFXyq4qpAw4IARUAAIhCGAFwAcABBg==&rs=AOn4CLC3giGUc1Na3GmuZkNAr6ZYlnJQqg
The Economic Times,1,live,Trump LIVE | POTUS sets the pitch for midterms as he campaigns for Republicans in Maryland,https://www.youtube.com/watch?v=Ev_ylzEMfGY,,,,,,THUMBNAIL_OVERLAY_BADGE_STYLE_LIVE,THUMBNAIL_OVERLAY_BADGE_STYLE_LIVE,2026-10-06T22:17:11+00:00,https://www.youtube.com/@TheEconomicTimes/streams,https://i.ytimg.com/vi/Ev_ylzEMfGY/hq720.jpg?v=6ac54740&sqp=-oaymwEcCNAFEJQDSFXyq4qpAw4IARUAAIhCGAFwAcABBg==&rs=AOn4CLBuQNKgd6iTa6UmmkG-rfvKr0lxcw&usqp=CBQ
The Economic Times,3,live,"‘I am done’: Hillary Clinton bangs table, yells and walks out as GOP grills her over Epstein ties",https://www.youtube.com/watch?v=-_A626R735A,,,,,,THUMBNAIL_OVERLAY_BADGE_STYLE_LIVE,THUMBNAIL_OVERLAY_BADGE_STYLE_LIVE,2026-10-06T22:17:11+00:00,https://www.youtube.com/@TheEconomicTimes/streams,https://i.ytimg.com/vi/-_A626R735A/hq720.jpg?v=6ac53586&sqp=-oaymwEcCNAFEJQDSFXyq4qpAw4IARUAAIhCGAFwAcABBg==&rs=AOn4CLAEWQDqFS82wcwlVmaX_HqszZLX3g&usqp=CBQ
The Economic Times,5,live,'Answer the question!': Senators torch Soros-funded witness at fiery Minnesota Somali fraud hearing,https://www.youtube.com/watch?v=BvWbbxtupB8,,,,,,THUMBNAIL_OVERLAY_BADGE_STYLE_LIVE,THUMBNAIL_OVERLAY_BADGE_STYLE_LIVE,2026-10-06T22:17:11+00:00,https://www.youtube.com/@TheEconomicTimes/streams,https://i.ytimg.com/vi/BvWbbxtupB8/hq720.jpg?v=6ac5310d&sqp=-oaymwEcCNAFEJQDSFXyq4qpAw4IARUAAIhCGAFwAcABBg==&rs=AOn4CLCCsE0by4B5ieHcWxVi4SxmrLYelA&usqp=CBQ
The Economic Times,7,live,'COVID vaccine has worst side effects ever': Dr Rogers' explosive claim rocks fiery Senate hearing,https://www.youtube.com/watch?v=LUch7JsREsM,,,,,,THUMBNAIL_OVERLAY_BADGE_STYLE_LIVE,THUMBNAIL_OVERLAY_BADGE_STYLE_LIVE,2026-10-06T22:17:11+00:00,https://www.youtube.com/@TheEconomicTimes/streams,https://i.ytimg.com/vi/LUch7JsREsM/hq720.jpg?v=6ac51469&sqp=-oaymwEcCNAFEJQDSFXyq4qpAw4IARUAAIhCGAFwAcABBg==&rs=AOn4CLBKQQ8lk9a1DAhA_jtKfCxPuJEVSg&usqp=CBQ
The Economic Times,9,live,'Blood clots surge like never before…': Dr McCullough's chilling revelations on mRNA COVID vaccines,https://www.youtube.com/watch?v=CT4eu_RI-Cw,,,,,,THUMBNAIL_OVERLAY_BADGE_STYLE_LIVE,THUMBNAIL_OVERLAY_BADGE_STYLE_LIVE,2026-10-06T22:17:11+00:00,https://www.youtube.com/@TheEconomicTimes/streams,https://i.ytimg.com/vi/CT4eu_RI-Cw/hq720.jpg?v=6ac509a6&sqp=-oaymwEcCNAFEJQDSFXyq4qpAw4IARUAAIhCGAFwAcABBg==&rs=AOn4CLBzfem9FJgI5oHQO1rHlivkHs4vxg&usqp=CBQ
The Economic Times,11,live,"'It's taxpayers VS fraudsters!': Nick Shirley 'exposes' Walz, Ilhan Omar over MN Somali fraud",https://www.youtube.com/watch?v=kR0OFF5LV3Y,,,,,,THUMBNAIL_OVERLAY_BADGE_STYLE_LIVE,THUMBNAIL_OVERLAY_BADGE_STYLE_LIVE,2026-10-06T22:17:11+00:00,https://www.youtube.com/@TheEconomicTimes/streams,https://i.ytimg.com/vi/kR0OFF5LV3Y/hq720.jpg?v=6ac503be&sqp=-oaymwEcCNAFEJQDSFXyq4qpAw4IARUAAIhCGAFwAcABBg==&rs=AOn4CLA_aXcrw265PpL5ScymPg9kZUiZaw&usqp=CBQ
The Economic Times,13,live,'You narcissist & megalomaniac!': GOP Senators clash with Fauci at fiery 'COVID lies' hearing,https://www.youtube.com/watch?v=mjB-HzlZe-c,,,,,,THUMBNAIL_OVERLAY_BADGE_STYLE_LIVE,THUMBNAIL_OVERLAY_BADGE_STYLE_LIVE,2026-10-06T22:17:11+00:00,https://www.youtube.com/@TheEconomicTimes/streams,https://i.ytimg.com/vi/mjB-HzlZe-c/hq720.jpg?v=6ac4ed1c&sqp=-oaymwEcCNAFEJQDSFXyq4qpAw4IARUAAIhCGAFwAcABBg==&rs=AOn4CLAJQnasJ8ID-31n-vNQAXQX0bGymg&usqp=CBQ
The Economic Times,15,live,'Who was the real Prez?': Autopen scandal explodes at ‘Biden cover-up’ hearing; Senators erupt,https://www.youtube.com/watch?v=O8oXURaH7Ww,,,,,,THUMBNAIL_OVERLAY_BADGE_STYLE_LIVE,THUMBNAIL_OVERLAY_BADGE_STYLE_LIVE,2026-10-06T22:17:11+00:00,https://www.youtube.com/@TheEconomicTimes/streams,https://i.ytimg.com/vi/O8oXURaH7Ww/hq720.jpg?v=6abe56a0&sqp=-oaymwEcCNAFEJQDSFXyq4qpAw4IARUAAIhCGAFwAcABBg==&rs=AOn4CLA_O-EDP52euhl_OU2-QmJDxmxTkg&usqp=CBQ
Yahoo Finance,3,live,Yahoo Finance 24/7 Stream: Daily Market Coverage & more,https://www.youtube.com/watch?v=KQp-e_XQnDE,,,,,,THUMBNAIL_OVERLAY_BADGE_STYLE_LIVE,THUMBNAIL_OVERLAY_BADGE_STYLE_LIVE,2026-10-06T22:17:12+00:00,https://www.youtube.com/@YahooFinance/streams,https://i.ytimg.com/vi/KQp-e_XQnDE/hq720.jpg?v=69c6a8cc&sqp=-oaymwEcCNAFEJQDSFXyq4qpAw4IARUAAIhCGAFwAcABBg==&rs=AOn4CLCQr6d_KsRb6PCTNa99EA2WD_mBTw
Zee Business,1,live,Zee Business Live | Share Market Live Updates | Stock Market News | Zee Biz,https://www.youtube.com/watch?v=aDT8ngNDWV4,,,,,,THUMBNAIL_OVERLAY_BADGE_STYLE_LIVE,THUMBNAIL_OVERLAY_BADGE_STYLE_LIVE,2026-10-06T22:17:10+00:00,https://www.youtube.com/@ZeeBusiness/streams,https://i.ytimg.com/vi/aDT8ngNDWV4/hq720.jpg?v=6ac52a2f&sqp=-oaymwEcCNAFEJQDSFXyq4qpAw4IARUAAIhCGAFwAcABBg==&rs=AOn4CLBX8anzVXs1Vdb0fkriAfiOmxtW-A
Zee Business,3,live,Zee Business 24x7 Live | Share Market Live Updates | Stock Market News | Zee Biz,https://www.youtube.com/watch?v=G8r6hoDAJok,,,,,,THUMBNAIL_OVERLAY_BADGE_STYLE_LIVE,THUMBNAIL_OVERLAY_BADGE_STYLE_LIVE,2026-10-06T22:17:10+00:00,https://www.youtube.com/@ZeeBusiness/streams,https://i.ytimg.com/vi/G8r6hoDAJok/hq720.jpg?v=6ac44328&sqp=-oaymwEcCNAFEJQDSFXyq4qpAw4IARUAAIhCGAFwAcABBg==&rs=AOn4CLBXpLc93p1IW_O2mPJl7FKcKchNOQ
Zee Business,5,live,Zee Business Live | Anil Singhvi | Share Market Live Updates | Stock Market News,https://www.youtube.com/watch?v=JHh2HgJnBZI,,,,,,THUMBNAIL_OVERLAY_BADGE_STYLE_LIVE,THUMBNAIL_OVERLAY_BADGE_STYLE_LIVE,2026-10-06T22:17:10+00:00,https://www.youtube.com/@ZeeBusiness/streams,https://i.ytimg.com/vi/JHh2HgJnBZI/hq720.jpg?v=6ab5d9da&sqp=-oaymwEcCNAFEJQDSFXyq4qpAw4IARUAAIhCGAFwAcABBg==&rs=AOn4CLBBb3rTh3Q3M5oIDNjJ-JVJVLwGug
Zee Business,7,live,Anil Singhvi LIVE: आज कहां करें इन्वेस्ट | Stock Market Update | Business & Finance | Zee Business,https://www.youtube.com/watch?v=XozXbA7YUwk,,,,,,THUMBNAIL_OVERLAY_BADGE_STYLE_LIVE,THUMBNAIL_OVERLAY_BADGE_STYLE_LIVE,2026-10-06T22:17:10+00:00,https://www.youtube.com/@ZeeBusiness/streams,https://i.ytimg.com/vi/XozXbA7YUwk/hq720.jpg?v=6ab5d8c0&sqp=-oaymwEcCNAFEJQDSFXyq4qpAw4IARUAAIhCGAFwAcABBg==&rs=AOn4CLCPadBT1MuQbXJj7T3_hkr-Y3Slng
Yahoo Finance,1,upcoming,Microsoft Windows Event with Satya Nadella and Jensen Huang | LIVE,https://www.youtube.com/watch?v=RE_AsVyoOSQ,,,,,,THUMBNAIL_OVERLAY_BADGE_STYLE_DEFAULT,THUMBNAIL_OVERLAY_BADGE_STYLE_DEFAULT,2026-10-06T22:17:12+00:00,https://www.youtube.com/@YahooFinance/streams,https://i.ytimg.com/vi/RE_AsVyoOSQ/hq720.jpg?sqp=-oaymwEcCNAFEJQDSFXyq4qpAw4IARUAAIhCGAFwAcABBg==&rs=AOn4CLB-lNpkzd6y6pA0vMSz1WMWF9FyJQ
